T0056.jpg,1
T0042.jpg,1
T0095.jpg,1
T0081.jpg,0
T0268.jpg,1
T0254.jpg,1
T0240.jpg,1
T0297.jpg,0
T0283.jpg,0
T0308.jpg,0
T0320.jpg,1
T0334.jpg,1
T0122.jpg,0
T0136.jpg,0
T0137.jpg,0
T0123.jpg,0
T0335.jpg,0
T0321.jpg,1
T0309.jpg,0
T0282.jpg,0
T0296.jpg,0
T0241.jpg,0
T0255.jpg,0
T0269.jpg,1
T0080.jpg,1
T0094.jpg,0
T0043.jpg,1
T0057.jpg,0
T0069.jpg,1
T0041.jpg,0
T0055.jpg,0
T0082.jpg,0
T0096.jpg,1
T0243.jpg,0
T0257.jpg,0
T0280.jpg,0
T0294.jpg,0
T0337.jpg,1
T0323.jpg,1
T0109.jpg,1
T0135.jpg,1
T0121.jpg,0
T0120.jpg,1
T0134.jpg,0
T0108.jpg,0
T0322.jpg,1
T0336.jpg,1
T0295.jpg,0
T0281.jpg,0
T0256.jpg,0
T0242.jpg,1
T0097.jpg,0
T0083.jpg,0
T0054.jpg,0
T0040.jpg,0
T0068.jpg,0
T0044.jpg,0
T0050.jpg,1
T0078.jpg,0
T0087.jpg,0
T0093.jpg,0
T0246.jpg,1
T0252.jpg,0
T0285.jpg,0
T0291.jpg,1
T0332.jpg,0
T0326.jpg,1
T0130.jpg,1
T0124.jpg,0
T0118.jpg,1
T0119.jpg,1
T0125.jpg,1
T0131.jpg,0
T0327.jpg,1
T0333.jpg,1
T0290.jpg,0
T0284.jpg,0
T0253.jpg,1
T0247.jpg,1
T0092.jpg,0
T0086.jpg,0
T0079.jpg,0
T0051.jpg,1
T0045.jpg,1
T0053.jpg,1
T0047.jpg,0
T0090.jpg,1
T0084.jpg,0
T0251.jpg,1
T0245.jpg,1
T0279.jpg,0
T0292.jpg,0
T0286.jpg,1
T0325.jpg,0
T0331.jpg,1
T0319.jpg,1
T0127.jpg,1
T0133.jpg,0
T0132.jpg,1
T0126.jpg,0
T0318.jpg,0
T0330.jpg,1
T0324.jpg,0
T0287.jpg,1
T0293.jpg,0
T0278.jpg,0
T0244.jpg,0
T0250.jpg,0
T0085.jpg,1
T0091.jpg,1
T0046.jpg,0
T0052.jpg,0
T0009.jpg,1
T0035.jpg,0
T0021.jpg,1
T0237.jpg,0
T0223.jpg,1
T0343.jpg,1
T0357.jpg,1
T0380.jpg,0
T0394.jpg,0
T0169.jpg,1
T0141.jpg,0
T0155.jpg,0
T0182.jpg,0
T0196.jpg,0
T0197.jpg,1
T0183.jpg,0
T0154.jpg,1
T0140.jpg,0
T0168.jpg,1
T0395.jpg,1
T0381.jpg,0
T0356.jpg,0
T0342.jpg,1
T0222.jpg,0
T0236.jpg,1
T0020.jpg,0
T0034.jpg,1
T0008.jpg,0
T0022.jpg,0
T0036.jpg,0
T0208.jpg,0
T0220.jpg,1
T0234.jpg,0
T0368.jpg,1
T0354.jpg,0
T0340.jpg,0
T0397.jpg,1
T0383.jpg,0
T0156.jpg,1
T0142.jpg,0
T0195.jpg,1
T0181.jpg,0
T0180.jpg,1
T0194.jpg,0
T0143.jpg,1
T0157.jpg,0
T0382.jpg,1
T0396.jpg,0
T0341.jpg,0
T0355.jpg,0
T0369.jpg,1
T0235.jpg,0
T0221.jpg,0
T0209.jpg,0
T0037.jpg,0
T0023.jpg,1
T0027.jpg,1
T0033.jpg,0
T0225.jpg,1
T0231.jpg,0
T0219.jpg,0
T0351.jpg,0
T0345.jpg,0
T0379.jpg,1
T0392.jpg,0
T0386.jpg,0
T0153.jpg,0
T0147.jpg,0
T0190.jpg,0
T0184.jpg,0
T0185.jpg,1
T0191.jpg,1
T0146.jpg,0
T0152.jpg,0
T0387.jpg,0
T0393.jpg,0
T0378.jpg,1
T0344.jpg,0
T0350.jpg,0
T0218.jpg,0
T0230.jpg,0
T0224.jpg,1
T0032.jpg,0
T0026.jpg,1
T0030.jpg,0
T0024.jpg,1
T0018.jpg,0
T0232.jpg,1
T0226.jpg,1
T0346.jpg,1
T0352.jpg,1
T0385.jpg,1
T0391.jpg,0
T0144.jpg,0
T0150.jpg,0
T0178.jpg,0
T0187.jpg,1
T0193.jpg,0
T0192.jpg,0
T0186.jpg,1
T0179.jpg,1
T0151.jpg,0
T0145.jpg,0
T0390.jpg,0
T0384.jpg,0
T0353.jpg,1
T0347.jpg,0
T0227.jpg,1
T0233.jpg,1
T0019.jpg,1
T0025.jpg,0
T0031.jpg,0
T0028.jpg,0
T0014.jpg,0
T0216.jpg,1
T0202.jpg,0
T0362.jpg,1
T0376.jpg,0
T0389.jpg,0
T0148.jpg,0
T0160.jpg,0
T0174.jpg,0
T0175.jpg,0
T0161.jpg,0
T0149.jpg,1
T0388.jpg,0
T0377.jpg,0
T0363.jpg,1
T0203.jpg,1
T0217.jpg,0
T0001.jpg,1
T0015.jpg,0
T0029.jpg,0
T0003.jpg,0
T0017.jpg,0
T0229.jpg,0
T0201.jpg,0
T0215.jpg,1
T0349.jpg,0
T0375.jpg,1
T0361.jpg,1
T0177.jpg,1
T0163.jpg,1
T0188.jpg,0
T0189.jpg,0
T0162.jpg,1
T0176.jpg,0
T0360.jpg,0
T0374.jpg,1
T0348.jpg,0
T0214.jpg,0
T0200.jpg,1
T0228.jpg,0
T0016.jpg,0
T0002.jpg,0
T0006.jpg,1
T0012.jpg,1
T0204.jpg,1
T0210.jpg,0
T0238.jpg,1
T0370.jpg,0
T0364.jpg,0
T0358.jpg,1
T0172.jpg,0
T0166.jpg,0
T0199.jpg,0
T0198.jpg,0
T0167.jpg,0
T0173.jpg,0
T0359.jpg,0
T0365.jpg,1
T0371.jpg,0
T0239.jpg,1
T0211.jpg,0
T0205.jpg,1
T0013.jpg,1
T0007.jpg,0
T0011.jpg,1
T0005.jpg,1
T0039.jpg,0
T0213.jpg,0
T0207.jpg,1
T0367.jpg,0
T0373.jpg,0
T0398.jpg,0
T0165.jpg,1
T0171.jpg,1
T0159.jpg,0
T0158.jpg,1
T0170.jpg,0
T0164.jpg,0
T0399.jpg,0
T0372.jpg,1
T0366.jpg,0
T0400.jpg,1
T0206.jpg,0
T0212.jpg,0
T0038.jpg,0
T0004.jpg,1
T0010.jpg,1
T0077.jpg,1
T0063.jpg,0
T0088.jpg,0
T0249.jpg,1
T0275.jpg,1
T0261.jpg,1
T0329.jpg,0
T0301.jpg,1
T0315.jpg,0
T0103.jpg,0
T0117.jpg,0
T0116.jpg,0
T0102.jpg,0
T0314.jpg,1
T0300.jpg,0
T0328.jpg,0
T0260.jpg,1
T0274.jpg,1
T0248.jpg,0
T0089.jpg,1
T0062.jpg,0
T0076.jpg,0
T0048.jpg,0
T0060.jpg,1
T0074.jpg,0
T0262.jpg,0
T0276.jpg,0
T0289.jpg,1
T0316.jpg,0
T0302.jpg,0
T0128.jpg,0
T0114.jpg,1
T0100.jpg,1
T0101.jpg,1
T0115.jpg,1
T0129.jpg,0
T0303.jpg,1
T0317.jpg,0
T0288.jpg,1
T0277.jpg,1
T0263.jpg,0
T0075.jpg,1
T0061.jpg,1
T0049.jpg,1
T0065.jpg,1
T0071.jpg,1
T0059.jpg,0
T0267.jpg,0
T0273.jpg,0
T0298.jpg,0
T0313.jpg,0
T0307.jpg,0
T0111.jpg,0
T0105.jpg,0
T0139.jpg,0
T0138.jpg,1
T0104.jpg,0
T0110.jpg,0
T0306.jpg,0
T0312.jpg,0
T0299.jpg,1
T0272.jpg,0
T0266.jpg,1
T0058.jpg,0
T0070.jpg,1
T0064.jpg,1
T0072.jpg,0
T0066.jpg,0
T0099.jpg,1
T0270.jpg,0
T0264.jpg,0
T0258.jpg,0
T0304.jpg,1
T0310.jpg,0
T0338.jpg,0
T0106.jpg,1
T0112.jpg,1
T0113.jpg,1
T0107.jpg,1
T0339.jpg,0
T0311.jpg,0
T0305.jpg,0
T0259.jpg,1
T0265.jpg,1
T0271.jpg,0
T0098.jpg,1
T0067.jpg,0
T0073.jpg,1
